<?xml version="1.0" encoding="UTF-8" standalone="yes"?>
<addon id="repository.14kilates" name="[COLOR gold]14 Kilates [COLOR blueviolet]official Repo[/COLOR][/COLOR]" version="1.0.1" provider-name="[COLOR red]14 KILATES [COLOR blue]TEAM[/COLOR][/COLOR]">
	<requires>
            <import addon="xbmc.addon" version="12.0.0"/>
        </requires>
	<extension point="xbmc.addon.repository" name="14 Kilates official Repo">
		<info compressed="false">https://raw.githubusercontent.com/14kilates/14kilatesrepo/master/addons.xml</info>
		<checksum>https://raw.githubusercontent.com/14kilates/14kilatesrepo/master/addons.xml.md5</checksum>
		<datadir zip="true">https://raw.githubusercontent.com/14kilates/14kilatesrepo/master</datadir>
		<hashes>false</hashes>
	</extension>
	<extension point="xbmc.addon.metadata">
		<summary>[COLOR gold]14 Kilates [COLOR blueviolet]official Repo[/COLOR][/COLOR]</summary>
   		<description>Peliculas en Español - Ingles [COLOR blueviolet]ULTRA HD[/COLOR].</description>
		<disclaimer></disclaimer>
		<platform>all</platform>
	</extension>
</addon>